scenario,density,seed,protocol,weather,pdr300_pct,pdr_own_pct,packet_loss300_pct,latency300_ms,goodput_mbps,stability_score
urban,low,1,DSRC,clear,18.876719,18.876719,81.123281,7.074018,0.113400,57.713010
urban,low,1,DSRC,rain,19.111429,19.111429,80.888571,7.080140,0.114810,57.710517
urban,low,1,DSRC,fog,18.630356,18.630356,81.369644,7.076655,0.111920,57.712771
urban,low,1,C-V2X,clear,21.684922,19.860912,78.315078,23.074753,0.288730,53.970854
urban,low,1,C-V2X,rain,21.503479,19.850594,78.496521,23.078937,0.288580,53.968189
urban,low,1,C-V2X,fog,21.651630,20.045950,78.348370,23.077730,0.291420,53.970598
urban,low,1,5G-V2X,clear,34.287712,28.040447,65.712288,3.541436,0.791980,73.256572
urban,low,1,5G-V2X,rain,33.535306,26.866047,66.464694,3.569195,0.758810,73.136645
urban,low,1,5G-V2X,fog,34.026367,27.935293,65.973633,3.544142,0.789010,73.250612
urban,low,2,DSRC,clear,19.311360,19.311360,80.688640,7.073513,0.102722,57.970667
urban,low,2,DSRC,rain,18.950025,18.950025,81.049975,7.078410,0.100800,57.968165
urban,low,2,DSRC,fog,19.032233,19.032233,80.967767,7.079557,0.101237,57.970426
urban,low,2,C-V2X,clear,21.768057,19.923543,78.231943,23.077851,0.272420,54.162682
urban,low,2,C-V2X,rain,21.861737,19.888586,78.138263,23.077949,0.271942,54.160009
urban,low,2,C-V2X,fog,21.272894,19.730168,78.727106,23.077830,0.269776,54.162425
urban,low,2,5G-V2X,clear,34.212136,27.359439,65.787864,3.537938,0.813844,73.479130
urban,low,2,5G-V2X,rain,33.384315,26.326981,66.615685,3.567454,0.783132,73.358808
urban,low,2,5G-V2X,fog,34.189194,27.354994,65.810806,3.541686,0.813712,73.473150
urban,low,3,DSRC,clear,19.022040,19.022040,80.977960,7.074860,0.110130,57.907632
urban,low,3,DSRC,rain,18.968495,18.968495,81.031505,7.071762,0.109820,57.905157
urban,low,3,DSRC,fog,19.032403,19.032403,80.967597,7.072306,0.110190,57.907394
urban,low,3,C-V2X,clear,21.478168,19.865897,78.521832,23.071733,0.285020,54.101654
urban,low,3,C-V2X,rain,21.702708,19.886807,78.297292,23.077999,0.285320,54.099010
urban,low,3,C-V2X,fog,21.536894,19.876352,78.463106,23.072886,0.285170,54.101400
urban,low,3,5G-V2X,clear,34.014440,27.757284,65.985560,3.538390,0.787080,73.359631
urban,low,3,5G-V2X,rain,33.710446,26.936641,66.289554,3.566342,0.763810,73.240601
urban,low,3,5G-V2X,fog,34.264889,27.707559,65.735111,3.541234,0.785670,73.353715
urban,low,4,DSRC,clear,18.823483,18.823483,81.176517,7.080673,0.096380,57.929652
urban,low,4,DSRC,rain,19.016835,19.016835,80.983165,7.076630,0.097370,57.927156
urban,low,4,DSRC,fog,19.134018,19.134018,80.865982,7.080980,0.097970,57.929412
urban,low,4,C-V2X,clear,21.399555,19.554067,78.600445,23.078938,0.241700,54.123134
urban,low,4,C-V2X,rain,21.319480,19.533841,78.680520,23.082520,0.241450,54.120468
urban,low,4,C-V2X,fog,21.372212,19.952915,78.627788,23.080282,0.246630,54.122878
urban,low,4,5G-V2X,clear,34.047498,27.207736,65.952502,3.541928,0.744790,73.442347
urban,low,4,5G-V2X,rain,33.442053,26.195834,66.557947,3.567473,0.717090,73.322338
urban,low,4,5G-V2X,fog,33.883442,27.178876,66.116558,3.545411,0.744000,73.436382
urban,low,5,DSRC,clear,19.005988,19.005988,80.994012,7.069560,0.111090,57.980257
urban,low,5,DSRC,rain,18.812660,18.812660,81.187340,7.077086,0.109960,57.977792
urban,low,5,DSRC,fog,19.098375,19.098375,80.901625,7.071887,0.111630,57.980020
urban,low,5,C-V2X,clear,21.594525,19.856778,78.405475,23.073904,0.295310,54.150654
urban,low,5,C-V2X,rain,21.591104,19.932760,78.408896,23.072720,0.296440,54.148020
urban,low,5,C-V2X,fog,21.476476,19.721625,78.523524,23.072660,0.293300,54.150401
urban,low,5,5G-V2X,clear,34.124893,27.646828,65.875107,3.536812,0.832070,73.403820
urban,low,5,5G-V2X,rain,33.649273,26.656677,66.350727,3.565728,0.802270,73.285338
urban,low,5,5G-V2X,fog,34.287425,27.630215,65.712575,3.536247,0.831570,73.397932
urban,low,6,DSRC,clear,18.997548,18.997548,81.002452,7.076386,0.113100,57.878568
urban,low,6,DSRC,rain,18.967313,18.967313,81.032687,7.076534,0.112920,57.876093
urban,low,6,DSRC,fog,18.957235,18.957235,81.042765,7.079003,0.112860,57.878331
urban,low,6,C-V2X,clear,21.154298,19.507846,78.845702,23.077473,0.284440,54.071975
urban,low,6,C-V2X,rain,21.379380,19.642269,78.620620,23.079723,0.286400,54.069329
urban,low,6,C-V2X,fog,21.144220,19.664902,78.855780,23.078214,0.286730,54.071720
urban,low,6,5G-V2X,clear,33.493466,27.361566,66.506534,3.544543,0.807500,73.337636
urban,low,6,5G-V2X,rain,33.333893,26.544277,66.666107,3.572391,0.783380,73.218641
urban,low,6,5G-V2X,fog,33.696711,27.462880,66.303289,3.547754,0.810490,73.331722
urban,medium,1,DSRC,clear,18.033455,18.033455,81.966545,7.095241,0.442660,56.649645
urban,medium,1,DSRC,rain,18.129191,18.129191,81.870809,7.094729,0.445010,56.647232
urban,medium,1,DSRC,fog,18.007789,18.007789,81.992211,7.095574,0.442030,56.649413
urban,medium,1,C-V2X,clear,21.580585,19.846264,78.419415,23.097214,1.203410,53.113762
urban,medium,1,C-V2X,rain,21.469776,19.851542,78.530224,23.097751,1.203730,53.111185
urban,medium,1,C-V2X,fog,21.457962,19.853686,78.542038,23.095335,1.203860,53.113514
urban,medium,1,5G-V2X,clear,33.201339,27.031684,66.798661,3.571104,3.252090,72.154383
urban,medium,1,5G-V2X,rain,32.819617,26.067315,67.180383,3.598814,3.136070,72.039193
urban,medium,1,5G-V2X,fog,33.235153,26.954298,66.764847,3.571781,3.242780,72.148658
urban,medium,2,DSRC,clear,17.936369,17.936369,82.063631,7.094461,0.426430,56.630656
urban,medium,2,DSRC,rain,17.999041,17.999041,82.000959,7.095968,0.427920,56.628240
urban,medium,2,DSRC,fog,18.036055,18.036055,81.963945,7.095394,0.428800,56.630424
urban,medium,2,C-V2X,clear,21.318971,19.730079,78.681029,23.098606,1.167630,53.100568
urban,medium,2,C-V2X,rain,21.189841,19.646267,78.810159,23.097761,1.162670,53.097987
urban,medium,2,C-V2X,fog,21.290369,19.663164,78.709631,23.098692,1.163670,53.100320
urban,medium,2,5G-V2X,clear,33.237573,26.796385,66.762427,3.569801,3.236730,72.165761
urban,medium,2,5G-V2X,rain,32.787092,25.869900,67.212908,3.598090,3.124820,72.050030
urban,medium,2,5G-V2X,fog,33.052501,26.704076,66.947499,3.570742,3.225580,72.160009
urban,medium,3,DSRC,clear,18.234134,18.234134,81.765866,7.093618,0.438210,56.663143
urban,medium,3,DSRC,rain,18.044390,18.044390,81.955610,7.093617,0.433650,56.660718
urban,medium,3,DSRC,fog,18.069356,18.069356,81.930644,7.092786,0.434250,56.662910
urban,medium,3,C-V2X,clear,21.479752,19.846126,78.520248,23.095495,1.181940,53.134168
urban,medium,3,C-V2X,rain,21.308317,19.697692,78.691683,23.096563,1.173100,53.131577
urban,medium,3,C-V2X,fog,21.220935,19.799950,78.779065,23.096028,1.179190,53.133919
urban,medium,3,5G-V2X,clear,33.233052,26.955149,66.766948,3.567531,3.221480,72.218511
urban,medium,3,5G-V2X,rain,33.015429,26.108377,66.984571,3.595399,3.120280,72.102344
urban,medium,3,5G-V2X,fog,33.198931,26.894821,66.801069,3.568259,3.214270,72.212737
urban,medium,4,DSRC,clear,18.378972,18.378972,81.621028,7.088217,0.426870,56.967576
urban,medium,4,DSRC,rain,18.114182,18.114182,81.885818,7.090120,0.420720,56.965167
urban,medium,4,DSRC,fog,18.286403,18.286403,81.713597,7.089004,0.424720,56.967345
urban,medium,4,C-V2X,clear,21.501335,19.784123,78.498665,23.092272,1.150150,53.347196
urban,medium,4,C-V2X,rain,21.500474,19.814914,78.499526,23.092606,1.151940,53.344623
urban,medium,4,C-V2X,fog,21.506501,19.828503,78.493499,23.092890,1.152730,53.346949
urban,medium,4,5G-V2X,clear,33.243779,26.711950,66.756221,3.565277,3.335970,72.407513
urban,medium,4,5G-V2X,rain,33.072849,25.801606,66.927151,3.592388,3.222280,72.292268
urban,medium,4,5G-V2X,fog,33.299320,26.645891,66.700680,3.567022,3.327720,72.401785
urban,medium,5,DSRC,clear,18.037894,18.037894,81.962106,7.089444,0.451070,56.816828
urban,medium,5,DSRC,rain,18.103476,18.103476,81.896524,7.090654,0.452710,56.814440
urban,medium,5,DSRC,fog,17.993906,17.993906,82.006094,7.089573,0.449970,56.816599
urban,medium,5,C-V2X,clear,21.442168,19.785278,78.557832,23.092995,1.231040,53.223777
urban,medium,5,C-V2X,rain,21.375786,19.767599,78.624214,23.093203,1.229940,53.221227
urban,medium,5,C-V2X,fog,21.526545,19.854066,78.473455,23.092808,1.235320,53.223532
urban,medium,5,5G-V2X,clear,33.189372,26.825443,66.810628,3.566435,3.417100,72.235754
urban,medium,5,5G-V2X,rain,33.008622,26.064822,66.991378,3.594450,3.320210,72.121706
urban,medium,5,5G-V2X,fog,33.283747,26.879375,66.716253,3.567171,3.423970,72.230085
urban,medium,6,DSRC,clear,18.049286,18.049286,81.950714,7.090389,0.464650,56.742599
urban,medium,6,DSRC,rain,17.968877,17.968877,82.031123,7.092469,0.462580,56.740217
urban,medium,6,DSRC,fog,18.020930,18.020930,81.979070,7.091752,0.463920,56.742371
urban,medium,6,C-V2X,clear,21.367030,19.697496,78.632970,23.093687,1.258800,53.164050
urban,medium,6,C-V2X,rain,21.236123,19.669643,78.763877,23.095321,1.257020,53.161504
urban,medium,6,C-V2X,fog,21.275356,19.686386,78.724644,23.094090,1.258090,53.163805
urban,medium,6,5G-V2X,clear,33.439250,26.841906,66.560750,3.568872,3.500410,72.158630
urban,medium,6,5G-V2X,rain,32.694594,25.915739,67.305406,3.596442,3.379630,72.044866
urban,medium,6,5G-V2X,fog,33.180155,26.782707,66.819845,3.571259,3.492690,72.152975
urban,high,1,DSRC,clear,15.474124,15.474124,84.525876,7.143554,2.399300,52.941850
urban,high,1,DSRC,rain,15.448842,15.448842,84.551158,7.144493,2.395380,52.939693
urban,high,1,DSRC,fog,15.433815,15.433815,84.566185,7.143429,2.393050,52.941643
urban,high,1,C-V2X,clear,21.675833,20.215372,78.324167,23.160701,7.613930,50.174822
urban,high,1,C-V2X,rain,21.628366,20.179078,78.371634,23.162057,7.600260,50.172520
urban,high,1,C-V2X,fog,21.659000,20.204327,78.341000,23.161880,7.609770,50.174601
urban,high,1,5G-V2X,clear,30.756957,25.683202,69.243043,3.661864,17.720500,68.316017
urban,high,1,5G-V2X,rain,30.460154,25.008312,69.539846,3.688586,17.254850,68.218204
urban,high,1,5G-V2X,fog,30.698848,25.626315,69.301152,3.663345,17.681250,68.311149
urban,high,2,DSRC,clear,16.014360,16.014360,83.985640,7.131236,2.016240,53.985805
urban,high,2,DSRC,rain,16.033105,16.033105,83.966895,7.132809,2.018600,53.983585
urban,high,2,DSRC,fog,16.008959,16.008959,83.991041,7.131020,2.015560,53.985592
urban,high,2,C-V2X,clear,21.435164,19.898466,78.564836,23.142824,6.196860,50.989520
urban,high,2,C-V2X,rain,21.342711,19.863209,78.657289,23.143763,6.185880,50.987150
urban,high,2,C-V2X,fog,21.340010,19.854218,78.659990,23.143283,6.183080,50.989292
urban,high,2,5G-V2X,clear,31.310067,25.606896,68.689933,3.637835,15.835960,69.420966
urban,high,2,5G-V2X,rain,31.070118,24.830877,68.929882,3.664191,15.356050,69.318673
urban,high,2,5G-V2X,fog,31.307207,25.541488,68.692793,3.638028,15.795510,69.415878
urban,high,3,DSRC,clear,16.192372,16.192372,83.807628,7.130772,2.080030,53.937016
urban,high,3,DSRC,rain,16.127526,16.127526,83.872474,7.131406,2.071700,53.934788
urban,high,3,DSRC,fog,16.171509,16.171509,83.828491,7.130653,2.077350,53.936802
urban,high,3,C-V2X,clear,21.528149,20.020763,78.471851,23.143247,6.456480,50.964592
urban,high,3,C-V2X,rain,21.531652,19.999026,78.468348,23.142845,6.449470,50.962214
urban,high,3,C-V2X,fog,21.535933,20.022655,78.464067,23.143679,6.457090,50.964363
urban,high,3,5G-V2X,clear,31.455798,25.776713,68.544202,3.637847,16.193220,69.369112
urban,high,3,5G-V2X,rain,31.122068,25.009869,68.877932,3.665061,15.711480,69.266415
urban,high,3,5G-V2X,fog,31.474481,25.729532,68.525519,3.640409,16.163580,69.364003
urban,high,4,DSRC,clear,16.221755,16.221755,83.778245,7.138404,2.218630,54.260165
urban,high,4,DSRC,rain,16.223144,16.223144,83.776856,7.138217,2.218820,54.257971
urban,high,4,DSRC,fog,16.175327,16.175327,83.824673,7.138435,2.212280,54.259955
urban,high,4,C-V2X,clear,21.620794,20.128263,78.379206,23.152291,6.804790,51.161547
urban,high,4,C-V2X,rain,21.626643,20.131990,78.373357,23.154537,6.806050,51.159205
urban,high,4,C-V2X,fog,21.612751,20.133705,78.387249,23.152986,6.806630,51.161322
urban,high,4,5G-V2X,clear,31.294491,25.699746,68.705509,3.656107,17.546080,69.422247
urban,high,4,5G-V2X,rain,31.034637,24.901338,68.965363,3.682317,17.000980,69.322480
urban,high,4,5G-V2X,fog,31.312039,25.659262,68.687961,3.658488,17.518440,69.417282
urban,high,5,DSRC,clear,16.068870,16.068870,83.931130,7.131816,2.160360,53.790265
urban,high,5,DSRC,rain,16.078763,16.078763,83.921237,7.132721,2.161690,53.788040
urban,high,5,DSRC,fog,16.110449,16.110449,83.889551,7.132433,2.165950,53.790051
urban,high,5,C-V2X,clear,21.638261,20.097672,78.361739,23.144852,6.802250,50.855340
urban,high,5,C-V2X,rain,21.558897,20.063901,78.441103,23.144538,6.790820,50.852965
urban,high,5,C-V2X,fog,21.636699,20.135874,78.363301,23.144981,6.815180,50.855112
urban,high,5,5G-V2X,clear,31.427332,25.743284,68.572668,3.640809,16.966230,69.234878
urban,high,5,5G-V2X,rain,31.038769,24.949617,68.961231,3.667039,16.443160,69.132581
urban,high,5,5G-V2X,fog,31.367902,25.692500,68.632098,3.642314,16.932760,69.229790
urban,high,6,DSRC,clear,16.025371,16.025371,83.974629,7.133583,2.219860,53.762812
urban,high,6,DSRC,rain,15.958811,15.958811,84.041189,7.134840,2.210640,53.760605
urban,high,6,DSRC,fog,15.952097,15.952097,84.047903,7.133805,2.209710,53.762600
urban,high,6,C-V2X,clear,21.538663,20.001059,78.461337,23.147668,6.838070,50.815661
urban,high,6,C-V2X,rain,21.534981,19.975290,78.465019,23.148234,6.829260,50.813307
urban,high,6,C-V2X,fog,21.538735,20.006353,78.461265,23.147611,6.839880,50.815435
urban,high,6,5G-V2X,clear,31.156802,25.540731,68.843198,3.644880,17.336190,69.158495
urban,high,6,5G-V2X,rain,30.931855,24.780838,69.068145,3.670196,16.820400,69.057359
urban,high,6,5G-V2X,fog,31.198961,25.521593,68.801039,3.647004,17.323200,69.153464
mixed,low,1,DSRC,clear,18.904767,18.904767,81.095233,7.063776,0.115890,58.351550
mixed,low,1,DSRC,rain,18.927604,18.927604,81.072396,7.068251,0.116030,58.349239
mixed,low,1,DSRC,fog,18.828097,18.828097,81.171903,7.068948,0.115420,58.351328
mixed,low,1,C-V2X,clear,21.580046,20.174889,78.419954,23.065895,0.244790,54.311535
mixed,low,1,C-V2X,rain,21.555577,20.116373,78.444423,23.070958,0.244080,54.309066
mixed,low,1,C-V2X,fog,21.518058,20.015824,78.481942,23.066586,0.242860,54.311298
mixed,low,1,5G-V2X,clear,33.832501,29.671256,66.167499,3.545035,0.482330,73.240612
mixed,low,1,5G-V2X,rain,33.305602,28.986577,66.694398,3.568796,0.471200,73.130555
mixed,low,1,5G-V2X,fog,34.219112,29.607894,65.780888,3.545447,0.481300,73.235140
mixed,low,2,DSRC,clear,18.731606,18.731606,81.268394,7.072735,0.117110,57.993899
mixed,low,2,DSRC,rain,18.533269,18.533269,81.466731,7.073729,0.115870,57.991538
mixed,low,2,DSRC,fog,18.650032,18.650032,81.349968,7.073916,0.116600,57.993672
mixed,low,2,C-V2X,clear,21.565899,19.981547,78.434101,23.071213,0.251220,54.081952
mixed,low,2,C-V2X,rain,21.413948,19.974389,78.586052,23.076491,0.251130,54.079430
mixed,low,2,C-V2X,fog,21.684261,20.121534,78.315739,23.073554,0.252980,54.081710
mixed,low,2,5G-V2X,clear,33.830774,29.689621,66.169226,3.548307,0.498560,73.094802
mixed,low,2,5G-V2X,rain,33.269354,28.841619,66.730646,3.570586,0.484320,72.982080
mixed,low,2,5G-V2X,fog,33.973129,29.656273,66.026871,3.548349,0.498000,73.089200
mixed,low,3,DSRC,clear,18.430752,18.430752,81.569248,7.072214,0.128020,57.934564
mixed,low,3,DSRC,rain,18.933199,18.933199,81.066801,7.073538,0.131510,57.932214
mixed,low,3,DSRC,fog,18.538727,18.538727,81.461273,7.073414,0.128770,57.934338
mixed,low,3,C-V2X,clear,21.569248,20.208971,78.430752,23.075948,0.278710,54.033187
mixed,low,3,C-V2X,rain,21.526058,20.177792,78.473942,23.075943,0.278280,54.030675
mixed,low,3,C-V2X,fog,21.623956,20.042200,78.376044,23.077176,0.276410,54.032946
mixed,low,3,5G-V2X,clear,33.701411,30.066469,66.298589,3.550002,0.552760,73.005913
mixed,low,3,5G-V2X,rain,33.332853,29.165715,66.667147,3.576518,0.536200,72.893849
mixed,low,3,5G-V2X,fog,33.528650,29.772745,66.471350,3.551800,0.547360,73.000341
mixed,low,4,DSRC,clear,18.694558,18.694558,81.305442,7.070888,0.112960,57.888371
mixed,low,4,DSRC,rain,18.583675,18.583675,81.416325,7.075899,0.112290,57.886002
mixed,low,4,DSRC,fog,18.558851,18.558851,81.441149,7.073387,0.112140,57.888144
mixed,low,4,C-V2X,clear,21.329273,19.908549,78.670727,23.075432,0.250350,54.007705
mixed,low,4,C-V2X,rain,21.514630,19.944334,78.485370,23.074926,0.250800,54.005174
mixed,low,4,C-V2X,fog,21.329273,20.136779,78.670727,23.076010,0.253220,54.007462
mixed,low,4,5G-V2X,clear,33.708460,29.269329,66.291540,3.543550,0.509860,73.055755
mixed,low,4,5G-V2X,rain,33.483384,28.667708,66.516616,3.574106,0.499380,72.942138
mixed,low,4,5G-V2X,fog,33.657156,29.127535,66.342844,3.548490,0.507390,73.050108
mixed,low,5,DSRC,clear,18.773210,18.773210,81.226790,7.074289,0.145590,57.678690
mixed,low,5,DSRC,rain,18.578502,18.578502,81.421498,7.075371,0.144080,57.676327
mixed,low,5,DSRC,fog,18.641686,18.641686,81.358314,7.073059,0.144570,57.678463
mixed,low,5,C-V2X,clear,21.904013,20.295997,78.095987,23.076201,0.305540,53.856712
mixed,low,5,C-V2X,rain,21.519754,20.113988,78.480246,23.076967,0.302800,53.854187
mixed,low,5,C-V2X,fog,21.695121,20.442136,78.304879,23.080342,0.307740,53.856469
mixed,low,5,5G-V2X,clear,33.924335,30.482170,66.075665,3.551423,0.569980,72.853731
mixed,low,5,5G-V2X,rain,33.527182,29.812074,66.472818,3.574643,0.557450,72.740467
mixed,low,5,5G-V2X,fog,33.659996,30.483240,66.340004,3.548087,0.570000,72.848102
mixed,low,6,DSRC,clear,18.651590,18.651590,81.348410,7.070959,0.122720,58.017329
mixed,low,6,DSRC,rain,18.958599,18.958599,81.041401,7.069283,0.124740,58.014970
mixed,low,6,DSRC,fog,18.843091,18.843091,81.156909,7.068664,0.123980,58.017102
mixed,low,6,C-V2X,clear,21.549942,20.118726,78.450058,23.070000,0.257910,54.101293
mixed,low,6,C-V2X,rain,21.514986,19.894847,78.485014,23.072837,0.255040,54.098772
mixed,low,6,C-V2X,fog,21.440513,19.886266,78.559487,23.072065,0.254930,54.101051
mixed,low,6,5G-V2X,clear,33.426044,29.599928,66.573956,3.542696,0.494230,73.115636
mixed,low,6,5G-V2X,rain,33.182868,28.795592,66.817132,3.571369,0.480800,73.002763
mixed,low,6,5G-V2X,fog,33.844003,29.605917,66.155997,3.545381,0.494330,73.110026
mixed,medium,1,DSRC,clear,17.086891,17.086891,82.913109,7.118680,0.612360,55.845969
mixed,medium,1,DSRC,rain,17.082706,17.082706,82.917294,7.118114,0.612210,55.843745
mixed,medium,1,DSRC,fog,17.090518,17.090518,82.909482,7.117088,0.612490,55.845755
mixed,medium,1,C-V2X,clear,21.468832,20.116682,78.531168,23.128003,1.379940,52.345608
mixed,medium,1,C-V2X,rain,21.310620,20.045250,78.689380,23.130931,1.375040,52.343234
mixed,medium,1,C-V2X,fog,21.333222,20.000350,78.666778,23.129404,1.371960,52.345380
mixed,medium,1,5G-V2X,clear,32.007087,28.474666,67.992913,3.630957,2.561450,70.797207
mixed,medium,1,5G-V2X,rain,31.724427,27.829569,68.275573,3.657079,2.503420,70.696488
mixed,medium,1,5G-V2X,fog,31.974999,28.378619,68.025001,3.632278,2.552810,70.792195
mixed,medium,2,DSRC,clear,16.980316,16.980316,83.019684,7.136382,0.627820,55.962022
mixed,medium,2,DSRC,rain,17.049825,17.049825,82.950175,7.135891,0.630390,55.959829
mixed,medium,2,DSRC,fog,16.991946,16.991946,83.008054,7.136639,0.628250,55.961811
mixed,medium,2,C-V2X,clear,21.440820,20.132185,78.559180,23.151113,1.414290,52.393410
mixed,medium,2,C-V2X,rain,21.551981,20.173608,78.448019,23.148761,1.417200,52.391068
mixed,medium,2,C-V2X,fog,21.555497,20.198092,78.444503,23.151723,1.418920,52.393185
mixed,medium,2,5G-V2X,clear,31.913213,28.608865,68.086787,3.659658,2.556780,70.646765
mixed,medium,2,5G-V2X,rain,31.564043,27.967488,68.435957,3.682523,2.499460,70.548512
mixed,medium,2,5G-V2X,fog,31.689539,28.465193,68.310461,3.658878,2.543940,70.641873
mixed,medium,3,DSRC,clear,16.983243,16.983243,83.016757,7.114462,0.681490,55.444174
mixed,medium,3,DSRC,rain,17.094639,17.094639,82.905361,7.115301,0.685960,55.441963
mixed,medium,3,DSRC,fog,17.038567,17.038567,82.961433,7.117161,0.683710,55.443962
mixed,medium,3,C-V2X,clear,21.739618,20.333357,78.260382,23.128536,1.571740,52.063343
mixed,medium,3,C-V2X,rain,21.814131,20.382775,78.185869,23.128517,1.575560,52.060982
mixed,medium,3,C-V2X,fog,21.813633,20.348751,78.186367,23.128943,1.572930,52.063117
mixed,medium,3,5G-V2X,clear,32.079487,28.790951,67.920513,3.626559,2.817540,70.416991
mixed,medium,3,5G-V2X,rain,31.917004,28.373628,68.082996,3.654061,2.776700,70.315403
mixed,medium,3,5G-V2X,fog,32.211069,28.781958,67.788931,3.627491,2.816660,70.411934
mixed,medium,4,DSRC,clear,17.222502,17.222502,82.777498,7.105136,0.567540,55.909606
mixed,medium,4,DSRC,rain,17.175466,17.175466,82.824534,7.109839,0.565990,55.907363
mixed,medium,4,DSRC,fog,17.270145,17.270145,82.729855,7.104243,0.569110,55.909390
mixed,medium,4,C-V2X,clear,21.530100,20.006733,78.469900,23.113563,1.313350,52.429275
mixed,medium,4,C-V2X,rain,21.444525,19.984645,78.555475,23.115086,1.311900,52.426881
mixed,medium,4,C-V2X,fog,21.611427,20.133018,78.388573,23.115098,1.321640,52.429045
mixed,medium,4,5G-V2X,clear,32.168760,28.364247,67.831240,3.608127,2.460780,70.995973
mixed,medium,4,5G-V2X,rain,31.963014,27.829762,68.036986,3.633478,2.414410,70.892034
mixed,medium,4,5G-V2X,fog,32.403940,28.420727,67.596060,3.610191,2.465680,70.990804
mixed,medium,5,DSRC,clear,16.687220,16.687220,83.312780,7.123405,0.760460,54.839277
mixed,medium,5,DSRC,rain,16.767095,16.767095,83.232905,7.123886,0.764100,54.837068
mixed,medium,5,DSRC,fog,16.649039,16.649039,83.350961,7.122354,0.758720,54.839065
mixed,medium,5,C-V2X,clear,21.791518,20.497443,78.208482,23.136167,1.752970,51.611031
mixed,medium,5,C-V2X,rain,21.798979,20.464936,78.201021,23.136383,1.750190,51.608673
mixed,medium,5,C-V2X,fog,21.775938,20.451723,78.224062,23.136375,1.749060,51.610805
mixed,medium,5,5G-V2X,clear,31.920678,29.175785,68.079322,3.635309,2.999790,69.938038
mixed,medium,5,5G-V2X,rain,31.599644,28.678303,68.400356,3.662536,2.948640,69.837724
mixed,medium,5,5G-V2X,fog,31.938891,29.105369,68.061109,3.636459,2.992550,69.933046
mixed,medium,6,DSRC,clear,16.800896,16.800896,83.199104,7.126549,0.634590,55.454232
mixed,medium,6,DSRC,rain,16.797984,16.797984,83.202016,7.126491,0.634480,55.452026
mixed,medium,6,DSRC,fog,16.696319,16.696319,83.303681,7.123256,0.630640,55.454020
mixed,medium,6,C-V2X,clear,21.456030,20.029841,78.543970,23.139439,1.448510,52.038361
mixed,medium,6,C-V2X,rain,21.472709,20.025554,78.527291,23.136660,1.448200,52.036006
mixed,medium,6,C-V2X,fog,21.246611,19.893636,78.753389,23.141642,1.438660,52.038135
mixed,medium,6,5G-V2X,clear,31.738997,28.257417,68.261003,3.640771,2.633060,70.399593
mixed,medium,6,5G-V2X,rain,31.410704,27.683481,68.589296,3.667966,2.579580,70.300812
mixed,medium,6,5G-V2X,fog,31.739262,28.158040,68.260738,3.643516,2.623800,70.394675
mixed,high,1,DSRC,clear,12.345564,12.345564,87.654436,7.241098,3.420230,49.217319
mixed,high,1,DSRC,rain,12.362638,12.362638,87.637362,7.241410,3.424960,49.215486
mixed,high,1,DSRC,fog,12.396568,12.396568,87.603432,7.238837,3.434360,49.217143
mixed,high,1,C-V2X,clear,21.707710,20.576769,78.292290,23.289822,10.577920,47.119230
mixed,high,1,C-V2X,rain,21.727021,20.589004,78.272979,23.289120,10.584210,47.117277
mixed,high,1,C-V2X,fog,21.716228,20.582449,78.283772,23.289844,10.580840,47.119042
mixed,high,1,5G-V2X,clear,27.323445,25.186929,72.676555,3.834508,16.472010,63.950383
mixed,high,1,5G-V2X,rain,27.066407,24.734216,72.933593,3.857790,16.175940,63.877975
mixed,high,1,5G-V2X,fog,27.233422,25.122142,72.766578,3.834934,16.429640,63.946766
mixed,high,2,DSRC,clear,12.149027,12.149027,87.850973,7.256870,3.574110,49.342891
mixed,high,2,DSRC,rain,12.105551,12.105551,87.894449,7.258219,3.561320,49.341097
mixed,high,2,DSRC,fog,12.148279,12.148279,87.851721,7.258013,3.573890,49.342719
mixed,high,2,C-V2X,clear,21.458110,20.547496,78.541890,23.308833,11.384480,47.155085
mixed,high,2,C-V2X,rain,21.475888,20.552857,78.524112,23.308856,11.387450,47.153174
mixed,high,2,C-V2X,fog,21.464297,20.567260,78.535703,23.308871,11.395430,47.154902
mixed,high,2,5G-V2X,clear,26.651472,24.939513,73.348528,3.858338,17.370590,63.801396
mixed,high,2,5G-V2X,rain,26.463328,24.561125,73.536672,3.881787,17.107040,63.731709
mixed,high,2,5G-V2X,fog,26.684750,24.960316,73.315250,3.859242,17.385080,63.797910
mixed,high,3,DSRC,clear,11.925419,11.925419,88.074581,7.228644,4.304580,47.655876
mixed,high,3,DSRC,rain,11.897188,11.897188,88.102812,7.228112,4.294390,47.654130
mixed,high,3,DSRC,fog,11.908104,11.908104,88.091896,7.228876,4.298330,47.655709
mixed,high,3,C-V2X,clear,22.681644,21.458870,77.318356,23.281491,14.216660,45.945988
mixed,high,3,C-V2X,rain,22.704223,21.452560,77.295777,23.281775,14.212480,45.944129
mixed,high,3,C-V2X,fog,22.748134,21.476364,77.251866,23.281691,14.228250,45.945810
mixed,high,3,5G-V2X,clear,27.483998,25.591584,72.516002,3.823424,20.292550,62.510664
mixed,high,3,5G-V2X,rain,27.317802,25.228782,72.682198,3.847773,20.004870,62.438765
mixed,high,3,5G-V2X,fog,27.477986,25.590311,72.522014,3.824894,20.291540,62.507074
mixed,high,4,DSRC,clear,11.712003,11.712003,88.287997,7.235322,4.123520,47.206714
mixed,high,4,DSRC,rain,11.728733,11.728733,88.271267,7.236478,4.129410,47.204945
mixed,high,4,DSRC,fog,11.729642,11.729642,88.270358,7.235498,4.129730,47.206544
mixed,high,4,C-V2X,clear,22.681356,21.432072,77.318644,23.293174,13.608290,45.624115
mixed,high,4,C-V2X,rain,22.700016,21.439616,77.299984,23.292835,13.613080,45.622232
mixed,high,4,C-V2X,fog,22.706038,21.431096,77.293962,23.292061,13.607670,45.623934
mixed,high,4,5G-V2X,clear,27.522691,25.605186,72.477309,3.835774,19.577500,62.271189
mixed,high,4,5G-V2X,rain,27.315236,25.232399,72.684764,3.859664,19.292470,62.199899
mixed,high,4,5G-V2X,fog,27.508177,25.580258,72.491823,3.836889,19.558440,62.267629
mixed,high,5,DSRC,clear,11.948773,11.948773,88.051227,7.229566,4.142200,48.081430
mixed,high,5,DSRC,rain,11.958812,11.958812,88.041188,7.231464,4.145680,48.079672
mixed,high,5,DSRC,fog,11.964062,11.964062,88.035938,7.229618,4.147500,48.081261
mixed,high,5,C-V2X,clear,22.401743,21.268356,77.598257,23.277596,13.427470,46.268532
mixed,high,5,C-V2X,rain,22.421993,21.263319,77.578007,23.277893,13.424290,46.266661
mixed,high,5,C-V2X,fog,22.384147,21.252532,77.615853,23.278445,13.417480,46.268352
mixed,high,5,5G-V2X,clear,27.297792,25.505891,72.702208,3.816992,19.332950,62.873683
mixed,high,5,5G-V2X,rain,27.051328,25.111685,72.948672,3.839866,19.034150,62.801568
mixed,high,5,5G-V2X,fog,27.228099,25.452261,72.771901,3.817993,19.292300,62.870082
mixed,high,6,DSRC,clear,12.197853,12.197853,87.802147,7.230020,3.714290,48.791568
mixed,high,6,DSRC,rain,12.173846,12.173846,87.826154,7.232212,3.706980,48.789744
mixed,high,6,DSRC,fog,12.181071,12.181071,87.818929,7.231152,3.709180,48.791392
mixed,high,6,C-V2X,clear,21.738626,20.600590,78.261374,23.281936,11.768260,46.814389
mixed,high,6,C-V2X,rain,21.753208,20.610095,78.246792,23.282451,11.773690,46.812447
mixed,high,6,C-V2X,fog,21.720630,20.610848,78.279370,23.281464,11.774120,46.814202
mixed,high,6,5G-V2X,clear,27.311992,25.043929,72.688008,3.824349,18.163250,63.699731
mixed,high,6,5G-V2X,rain,27.109794,24.656852,72.890206,3.847275,17.882520,63.626880
mixed,high,6,5G-V2X,fog,27.303323,25.019497,72.696677,3.824692,18.145530,63.696092
vile_parle,low,1,DSRC,clear,20.199023,20.199023,79.800977,7.036983,0.157920,59.368269
vile_parle,low,1,DSRC,rain,20.115883,20.115883,79.884117,7.031215,0.157270,59.365925
vile_parle,low,1,DSRC,fog,20.228441,20.228441,79.771559,7.034675,0.158150,59.368044
vile_parle,low,1,C-V2X,clear,22.757156,20.816047,77.242844,23.033350,0.355230,55.138010
vile_parle,low,1,C-V2X,rain,22.569134,20.838314,77.430866,23.035861,0.355610,55.135503
vile_parle,low,1,C-V2X,fog,22.523087,20.955512,77.476913,23.039940,0.357610,55.137769
vile_parle,low,1,5G-V2X,clear,35.486429,27.399167,64.513571,3.514151,1.228480,74.119814
vile_parle,low,1,5G-V2X,rain,34.995267,26.245194,65.004733,3.538246,1.176740,74.007732
vile_parle,low,1,5G-V2X,fog,34.960733,27.246166,65.039267,3.514592,1.221620,74.114243
vile_parle,low,2,DSRC,clear,19.519251,19.519251,80.480749,7.052547,0.189610,58.791659
vile_parle,low,2,DSRC,rain,19.499691,19.499691,80.500309,7.054436,0.189420,58.789280
vile_parle,low,2,DSRC,fog,19.538810,19.538810,80.461190,7.054254,0.189800,58.791431
vile_parle,low,2,C-V2X,clear,22.099032,20.470994,77.900968,23.056198,0.442370,54.702788
vile_parle,low,2,C-V2X,rain,22.385217,20.567711,77.614783,23.056152,0.444460,54.700245
vile_parle,low,2,C-V2X,fog,22.116533,20.522823,77.883467,23.056951,0.443490,54.702543
vile_parle,low,2,5G-V2X,clear,34.511015,27.075624,65.488985,3.536833,1.499930,73.702518
vile_parle,low,2,5G-V2X,rain,34.292773,26.108438,65.707227,3.564248,1.446350,73.589666
vile_parle,low,2,5G-V2X,fog,34.562487,27.167505,65.437513,3.539344,1.505020,73.696909
vile_parle,low,3,DSRC,clear,19.564054,19.564054,80.435946,7.039581,0.168200,59.189601
vile_parle,low,3,DSRC,rain,19.574523,19.574523,80.425477,7.036074,0.168290,59.187277
vile_parle,low,3,DSRC,fog,19.718752,19.718752,80.281248,7.038112,0.169530,59.189377
vile_parle,low,3,C-V2X,clear,22.006653,20.499582,77.993347,23.041585,0.382350,54.978507
vile_parle,low,3,C-V2X,rain,22.325354,20.515666,77.674646,23.039689,0.382650,54.976024
vile_parle,low,3,C-V2X,fog,22.305581,20.549443,77.694419,23.037461,0.383280,54.978269
vile_parle,low,3,5G-V2X,clear,34.617442,27.063650,65.382558,3.524635,1.293020,73.909541
vile_parle,low,3,5G-V2X,rain,34.595343,26.050401,65.404657,3.547647,1.244610,73.798983
vile_parle,low,3,5G-V2X,fog,34.974527,27.012998,65.025473,3.525642,1.290600,73.904046
vile_parle,low,4,DSRC,clear,19.863248,19.863248,80.136752,7.042246,0.151060,59.245025
vile_parle,low,4,DSRC,rain,19.714661,19.714661,80.285339,7.044527,0.149930,59.242696
vile_parle,low,4,DSRC,fog,19.825115,19.825115,80.174885,7.041318,0.150770,59.244801
vile_parle,low,4,C-V2X,clear,22.268245,20.559738,77.731755,23.043072,0.346300,55.009506
vile_parle,low,4,C-V2X,rain,21.976331,20.403595,78.023669,23.047958,0.343670,55.007016
vile_parle,low,4,C-V2X,fog,22.086785,20.429124,77.913215,23.047051,0.344100,55.009267
vile_parle,low,4,5G-V2X,clear,34.682446,27.027872,65.317554,3.527189,1.192540,73.952735
vile_parle,low,4,5G-V2X,rain,34.226167,25.943847,65.773833,3.551666,1.144710,73.841951
vile_parle,low,4,5G-V2X,fog,34.618014,27.070254,65.381986,3.527118,1.194410,73.947228
vile_parle,low,5,DSRC,clear,19.864845,19.864845,80.135155,7.045012,0.132280,59.022482
vile_parle,low,5,DSRC,rain,19.939931,19.939931,80.060069,7.040643,0.132780,59.020063
vile_parle,low,5,DSRC,fog,19.816789,19.816789,80.183211,7.041683,0.131960,59.022250
vile_parle,low,5,C-V2X,clear,22.183511,20.290393,77.816489,23.041568,0.311770,54.917771
vile_parle,low,5,C-V2X,rain,21.955249,20.300806,78.044751,23.041567,0.311930,54.915185
vile_parle,low,5,C-V2X,fog,22.405767,20.521431,77.594233,23.043679,0.315320,54.917522
vile_parle,low,5,5G-V2X,clear,35.075837,26.810560,64.924163,3.517431,1.153830,74.073531
vile_parle,low,5,5G-V2X,rain,34.395555,25.684304,65.604445,3.540627,1.105360,73.957314
vile_parle,low,5,5G-V2X,fog,34.915152,26.808934,65.084848,3.521239,1.153760,74.067755
vile_parle,low,6,DSRC,clear,19.806619,19.806619,80.193381,7.034422,0.132740,59.271689
vile_parle,low,6,DSRC,rain,19.955833,19.955833,80.044167,7.035219,0.133740,59.269333
vile_parle,low,6,DSRC,fog,19.729028,19.729028,80.270972,7.035327,0.132220,59.271463
vile_parle,low,6,C-V2X,clear,21.994091,20.265286,78.005909,23.032684,0.314270,55.069418
vile_parle,low,6,C-V2X,rain,22.291026,20.365880,77.708974,23.037011,0.315830,55.066900
vile_parle,low,6,C-V2X,fog,22.188069,20.464540,77.811931,23.034789,0.317360,55.069177
vile_parle,low,6,5G-V2X,clear,35.033871,27.064628,64.966129,3.512534,1.121320,74.094902
vile_parle,low,6,5G-V2X,rain,34.620550,25.925872,65.379450,3.538435,1.074140,73.982143
vile_parle,low,6,5G-V2X,fog,34.711570,26.936463,65.288430,3.511654,1.116010,74.089298
vile_parle,medium,1,DSRC,clear,18.668241,18.668241,81.331759,7.088756,0.676720,58.581625
vile_parle,medium,1,DSRC,rain,18.637620,18.637620,81.362380,7.088124,0.675610,58.579459
vile_parle,medium,1,DSRC,fog,18.675413,18.675413,81.324587,7.087583,0.676980,58.581417
vile_parle,medium,1,C-V2X,clear,22.042604,20.342877,77.957396,23.102066,1.553260,54.334953
vile_parle,medium,1,C-V2X,rain,22.079018,20.335411,77.920982,23.101515,1.552690,54.332638
vile_parle,medium,1,C-V2X,fog,22.003156,20.270582,77.996844,23.100437,1.547740,54.334730
vile_parle,medium,1,5G-V2X,clear,32.941423,26.566490,67.058577,3.632345,5.023330,72.553267
vile_parle,medium,1,5G-V2X,rain,32.774250,25.546896,67.225750,3.653577,4.830540,72.457937
vile_parle,medium,1,5G-V2X,fog,32.879906,26.502444,67.120094,3.633164,5.011220,72.548520
vile_parle,medium,2,DSRC,clear,18.766504,18.766504,81.233496,7.063533,0.704990,58.007702
vile_parle,medium,2,DSRC,rain,18.691171,18.691171,81.308829,7.062856,0.702160,58.005438
vile_parle,medium,2,DSRC,fog,18.686379,18.686379,81.313621,7.062947,0.701980,58.007484
vile_parle,medium,2,C-V2X,clear,21.998914,20.275352,78.001086,23.070527,1.677980,54.028693
vile_parle,medium,2,C-V2X,rain,22.046030,20.258435,77.953970,23.070905,1.676580,54.026275
vile_parle,medium,2,C-V2X,fog,21.993324,20.271485,78.006676,23.069392,1.677660,54.028461
vile_parle,medium,2,5G-V2X,clear,33.863506,26.389972,66.136494,3.563600,5.674150,72.722568
vile_parle,medium,2,5G-V2X,rain,33.370512,25.262358,66.629488,3.586725,5.431700,72.616622
vile_parle,medium,2,5G-V2X,fog,33.787374,26.331835,66.212626,3.564183,5.661650,72.717301
vile_parle,medium,3,DSRC,clear,18.067642,18.067642,81.932358,7.107111,0.658150,57.730715
vile_parle,medium,3,DSRC,rain,17.998188,17.998188,82.001812,7.109758,0.655620,57.728471
vile_parle,medium,3,DSRC,fog,18.036347,18.036347,81.963653,7.108044,0.657010,57.730500
vile_parle,medium,3,C-V2X,clear,21.551322,20.129127,78.448678,23.122773,1.536420,53.726155
vile_parle,medium,3,C-V2X,rain,21.499712,20.119039,78.500288,23.122461,1.535650,53.723756
vile_parle,medium,3,C-V2X,fog,21.486535,20.094146,78.513465,23.124936,1.533750,53.725924
vile_parle,medium,3,5G-V2X,clear,32.624701,26.376838,67.375299,3.644422,5.105390,72.139438
vile_parle,medium,3,5G-V2X,rain,32.230214,25.280152,67.769786,3.666248,4.893120,72.040105
vile_parle,medium,3,5G-V2X,fog,32.532737,26.289783,67.467263,3.644039,5.088540,72.134491
vile_parle,medium,4,DSRC,clear,19.160424,19.160424,80.839576,7.056996,0.635900,58.278966
vile_parle,medium,4,DSRC,rain,19.008563,19.008563,80.991437,7.058034,0.630860,58.276683
vile_parle,medium,4,DSRC,fog,19.034175,19.034175,80.965825,7.053293,0.631710,58.278747
vile_parle,medium,4,C-V2X,clear,22.161491,20.454583,77.838509,23.063026,1.504770,54.258545
vile_parle,medium,4,C-V2X,rain,22.213919,20.416386,77.786081,23.061540,1.501960,54.256106
vile_parle,medium,4,C-V2X,fog,22.167216,20.433649,77.832784,23.062695,1.503230,54.258311
vile_parle,medium,4,5G-V2X,clear,33.945197,26.537774,66.054803,3.557041,5.094000,72.984215
vile_parle,medium,4,5G-V2X,rain,33.855708,25.572224,66.144292,3.581763,4.908660,72.876962
vile_parle,medium,4,5G-V2X,fog,33.930433,26.560852,66.069567,3.557968,5.098430,72.978882
vile_parle,medium,5,DSRC,clear,18.743924,18.743924,81.256076,7.069049,0.593860,57.836989
vile_parle,medium,5,DSRC,rain,18.659336,18.659336,81.340664,7.070045,0.591180,57.834691
vile_parle,medium,5,DSRC,fog,18.639451,18.639451,81.360549,7.070371,0.590550,57.836769
vile_parle,medium,5,C-V2X,clear,21.984484,20.230931,78.015516,23.073080,1.428150,53.921066
vile_parle,medium,5,C-V2X,rain,21.985746,20.301194,78.014254,23.078303,1.433110,53.918610
vile_parle,medium,5,C-V2X,fog,21.702943,20.130496,78.297057,23.075624,1.421060,53.920830
vile_parle,medium,5,5G-V2X,clear,33.531443,26.396024,66.468557,3.566458,4.844040,72.680312
vile_parle,medium,5,5G-V2X,rain,33.272312,25.364441,66.727688,3.590584,4.654730,72.572490
vile_parle,medium,5,5G-V2X,fog,33.760589,26.390139,66.239411,3.569450,4.842960,72.674952
vile_parle,medium,6,DSRC,clear,18.799109,18.799109,81.200891,7.062474,0.587130,58.189891
vile_parle,medium,6,DSRC,rain,18.739554,18.739554,81.260446,7.064378,0.585270,58.187626
vile_parle,medium,6,DSRC,fog,18.785020,18.785020,81.214980,7.064537,0.586690,58.189673
vile_parle,medium,6,C-V2X,clear,22.090626,20.313457,77.909374,23.069777,1.406910,54.159855
vile_parle,medium,6,C-V2X,rain,21.978881,20.288478,78.021119,23.070336,1.405180,54.157435
vile_parle,medium,6,C-V2X,fog,21.976639,20.263500,78.023361,23.070569,1.403450,54.159622
vile_parle,medium,6,5G-V2X,clear,33.667288,26.449435,66.332712,3.567928,4.818320,72.838393
vile_parle,medium,6,5G-V2X,rain,33.424266,25.410301,66.575734,3.592228,4.629020,72.733001
vile_parle,medium,6,5G-V2X,fog,33.718518,26.386527,66.281482,3.569527,4.806860,72.833151
vile_parle,high,1,DSRC,clear,17.007527,17.007527,82.992473,7.129910,2.656290,56.529118
vile_parle,high,1,DSRC,rain,17.073411,17.073411,82.926589,7.129549,2.666580,56.527078
vile_parle,high,1,DSRC,fog,17.075524,17.075524,82.924476,7.130452,2.666910,56.528922
vile_parle,high,1,C-V2X,clear,21.965038,20.407321,78.034962,23.156131,6.578700,52.695176
vile_parle,high,1,C-V2X,rain,21.967472,20.424693,78.032528,23.156299,6.584300,52.692997
vile_parle,high,1,C-V2X,fog,21.965423,20.434960,78.034577,23.157406,6.587610,52.694966
vile_parle,high,1,5G-V2X,clear,31.334164,25.231029,68.665836,3.692408,21.017250,70.390366
vile_parle,high,1,5G-V2X,rain,31.145795,24.322989,68.854205,3.714435,20.260860,70.302655
vile_parle,high,1,5G-V2X,fog,31.357598,25.207799,68.642402,3.695374,20.997900,70.385993
vile_parle,high,2,DSRC,clear,17.394158,17.394158,82.605842,7.114205,2.801670,56.813010
vile_parle,high,2,DSRC,rain,17.368206,17.368206,82.631794,7.112482,2.797490,56.811004
vile_parle,high,2,DSRC,fog,17.361811,17.361811,82.638189,7.114642,2.796460,56.812817
vile_parle,high,2,C-V2X,clear,22.242000,20.533865,77.758000,23.137850,7.161670,52.913842
vile_parle,high,2,C-V2X,rain,22.275091,20.554365,77.724909,23.138568,7.168820,52.911699
vile_parle,high,2,C-V2X,fog,22.192766,20.511243,77.807234,23.137376,7.153780,52.913637
vile_parle,high,2,5G-V2X,clear,31.598452,25.283064,68.401548,3.677764,22.991640,70.547913
vile_parle,high,2,5G-V2X,rain,31.315034,24.313997,68.684966,3.697861,22.110400,70.460447
vile_parle,high,2,5G-V2X,fog,31.606585,25.202162,68.393415,3.679326,22.918070,70.543555
vile_parle,high,3,DSRC,clear,15.283446,15.283446,84.716554,7.192151,2.634270,54.710795
vile_parle,high,3,DSRC,rain,15.307233,15.307233,84.692767,7.192133,2.638370,54.708803
vile_parle,high,3,DSRC,fog,15.277876,15.277876,84.722124,7.192237,2.633310,54.710603
vile_parle,high,3,C-V2X,clear,21.144342,20.036670,78.855658,23.258354,6.870510,51.211420
vile_parle,high,3,C-V2X,rain,21.073851,20.012173,78.926149,23.259432,6.862110,51.209293
vile_parle,high,3,C-V2X,fog,21.190931,20.063296,78.809069,23.258364,6.879640,51.211216
vile_parle,high,3,5G-V2X,clear,28.907409,24.984704,71.092591,3.797302,20.801720,68.440436
vile_parle,high,3,5G-V2X,rain,28.749253,24.093064,71.250747,3.819515,20.059360,68.361548
vile_parle,high,3,5G-V2X,fog,29.007548,24.939471,70.992452,3.798239,20.764060,68.436493
vile_parle,high,4,DSRC,clear,16.699458,16.699458,83.300542,7.130900,2.661750,55.943916
vile_parle,high,4,DSRC,rain,16.717150,16.717150,83.282850,7.130974,2.664570,55.941876
vile_parle,high,4,DSRC,fog,16.709559,16.709559,83.290441,7.132144,2.663360,55.943720
vile_parle,high,4,C-V2X,clear,21.871883,20.326365,78.128117,23.161750,6.898500,52.264143
vile_parle,high,4,C-V2X,rain,21.899425,20.345606,78.100575,23.161011,6.905030,52.261964
vile_parle,high,4,C-V2X,fog,21.934810,20.360338,78.065190,23.159722,6.910030,52.263933
vile_parle,high,4,5G-V2X,clear,31.007696,25.186890,68.992304,3.695726,21.697700,69.963276
vile_parle,high,4,5G-V2X,rain,30.825879,24.258162,69.174121,3.718611,20.897630,69.875748
vile_parle,high,4,5G-V2X,fog,31.101741,25.171997,68.898259,3.698116,21.684870,69.958913
vile_parle,high,5,DSRC,clear,16.479548,16.479548,83.520452,7.127908,2.676160,55.504596
vile_parle,high,5,DSRC,rain,16.460828,16.460828,83.539172,7.128307,2.673120,55.502553
vile_parle,high,5,DSRC,fog,16.478070,16.478070,83.521930,7.128938,2.675920,55.504399
vile_parle,high,5,C-V2X,clear,21.850230,20.357277,78.149770,23.155798,7.093660,51.952471
vile_parle,high,5,C-V2X,rain,21.825167,20.331736,78.174833,23.157594,7.084760,51.950291
vile_parle,high,5,C-V2X,fog,21.911624,20.370937,78.088376,23.157829,7.098420,51.952262
vile_parle,high,5,5G-V2X,clear,31.019479,25.117634,68.980521,3.686311,22.318610,69.689190
vile_parle,high,5,5G-V2X,rain,30.818977,24.185657,69.181023,3.710376,21.490490,69.600661
vile_parle,high,5,5G-V2X,fog,31.051007,25.107527,68.948993,3.688138,22.309630,69.684780
vile_parle,high,6,DSRC,clear,16.861576,16.861576,83.138424,7.126393,2.438710,56.022794
vile_parle,high,6,DSRC,rain,16.907002,16.907002,83.092998,7.125866,2.445280,56.020718
vile_parle,high,6,DSRC,fog,16.900088,16.900088,83.099912,7.125645,2.444280,56.022595
vile_parle,high,6,C-V2X,clear,21.793914,20.324667,78.206086,23.150550,6.507560,52.358135
vile_parle,high,6,C-V2X,rain,21.778219,20.315110,78.221781,23.150899,6.504500,52.355917
vile_parle,high,6,C-V2X,fog,21.803318,20.274008,78.196682,23.150766,6.491340,52.357922
vile_parle,high,6,5G-V2X,clear,31.445636,25.389491,68.554364,3.675701,20.705140,70.256573
vile_parle,high,6,5G-V2X,rain,31.202534,24.435966,68.797466,3.698260,19.927540,70.165195
vile_parle,high,6,5G-V2X,fog,31.440312,25.337572,68.559688,3.676956,20.662800,70.252021
