scenario,density,protocol,weather,n_seeds,pdr300_pct_mean,pdr300_pct_ci95,pdr_own_pct_mean,pdr_own_pct_ci95,packet_loss300_pct_mean,packet_loss300_pct_ci95,latency300_ms_mean,latency300_ms_ci95,goodput_mbps_mean,goodput_mbps_ci95,stability_score_mean,stability_score_ci95
urban,low,DSRC,clear,6,19.006190,0.177847,19.006190,0.177847,80.993810,0.177847,7.074835,0.003834,0.107804,0.007147,57.896631,0.102532
urban,low,DSRC,rain,6,18.971126,0.102127,18.971126,0.102127,81.028874,0.102127,7.076760,0.002942,0.107613,0.007296,57.894147,0.102536
urban,low,DSRC,fog,6,18.980770,0.191201,18.980770,0.191201,81.019230,0.191201,7.076731,0.004044,0.107635,0.006678,57.896392,0.102533
urban,low,C-V2X,clear,6,21.513254,0.231831,19.761507,0.189763,78.486746,0.231831,23.075775,0.002896,0.277937,0.020210,54.096825,0.073365
urban,low,C-V2X,rain,6,21.559648,0.213036,19.789143,0.169594,78.440352,0.213036,23.078308,0.003371,0.278355,0.020714,54.094171,0.073367
urban,low,C-V2X,fog,6,21.409054,0.193373,19.831985,0.157651,78.590946,0.193373,23.076600,0.003261,0.278838,0.018710,54.096570,0.073365
urban,low,5G-V2X,clear,6,34.030024,0.295714,27.562217,0.325478,65.969976,0.295714,3.540174,0.003086,0.796211,0.031377,73.379856,0.083594
urban,low,5G-V2X,rain,6,33.509215,0.156812,26.587743,0.306828,66.490785,0.156812,3.568097,0.002534,0.768082,0.030896,73.260395,0.083420
urban,low,5G-V2X,fog,6,34.058005,0.245959,27.544970,0.282728,65.941995,0.245959,3.542746,0.004192,0.795742,0.031997,73.373919,0.083585
urban,medium,DSRC,clear,6,18.111685,0.170920,18.111685,0.170920,81.888315,0.170920,7.091895,0.003062,0.441648,0.015428,56.745075,0.135676
urban,medium,DSRC,rain,6,18.059860,0.069415,18.059860,0.069415,81.940140,0.069415,7.092926,0.002403,0.440432,0.016615,56.742669,0.135683
urban,medium,DSRC,fog,6,18.069073,0.115004,18.069073,0.115004,81.930927,0.115004,7.092347,0.002935,0.440615,0.015319,56.744844,0.135677
urban,medium,C-V2X,clear,6,21.448307,0.099192,19.781561,0.063128,78.551693,0.099192,23.095045,0.002627,1.198828,0.042714,53.180587,0.097231
urban,medium,C-V2X,rain,6,21.346719,0.131028,19.741276,0.086960,78.653281,0.131028,23.095534,0.002346,1.196400,0.043297,53.178017,0.097236
urban,medium,C-V2X,fog,6,21.379611,0.139097,19.780959,0.089140,78.620389,0.139097,23.094974,0.002341,1.198810,0.043563,53.180340,0.097232
urban,medium,5G-V2X,clear,6,33.257394,0.096196,26.860420,0.120585,66.742606,0.096196,3.568170,0.002278,3.327297,0.117952,72.223425,0.101046
urban,medium,5G-V2X,rain,6,32.899700,0.160121,25.971293,0.131846,67.100300,0.160121,3.595930,0.002495,3.217215,0.116416,72.108401,0.100936
urban,medium,5G-V2X,fog,6,33.208301,0.093689,26.810195,0.125692,66.791699,0.093689,3.569372,0.002243,3.321168,0.121245,72.217708,0.101040
urban,high,DSRC,clear,6,15.999475,0.284828,15.999475,0.284828,84.000525,0.284828,7.134894,0.005328,2.182403,0.139489,53.779652,0.469431
urban,high,DSRC,rain,6,15.978365,0.287790,15.978365,0.287790,84.021635,0.287790,7.135748,0.005142,2.179472,0.138388,53.777447,0.469411
urban,high,DSRC,fog,6,15.975359,0.293711,15.975359,0.293711,84.024641,0.293711,7.134962,0.005260,2.178983,0.136897,53.779440,0.469429
urban,high,C-V2X,clear,6,21.572810,0.093048,20.060266,0.116223,78.427190,0.093048,23.148597,0.007225,6.785397,0.502079,50.826914,0.358512
urban,high,C-V2X,rain,6,21.537208,0.109709,20.035416,0.119995,78.462792,0.109709,23.149329,0.007941,6.776957,0.500708,50.824560,0.358490
urban,high,C-V2X,fog,6,21.553855,0.122084,20.059522,0.131609,78.446145,0.122084,23.149070,0.007580,6.785272,0.504268,50.826688,0.358510
urban,high,5G-V2X,clear,6,31.233574,0.269419,25.675095,0.091913,68.766426,0.269419,3.646557,0.010633,16.933030,0.800667,69.153619,0.444811
urban,high,5G-V2X,rain,6,30.942933,0.256654,24.913475,0.098619,69.057067,0.256654,3.672898,0.010637,16.431153,0.789328,69.052618,0.443250
urban,high,5G-V2X,fog,6,31.226573,0.287206,25.628448,0.086862,68.773427,0.287206,3.648265,0.010860,16.902457,0.804058,69.148594,0.444734
mixed,low,DSRC,clear,6,18.697747,0.164681,18.697747,0.164681,81.302253,0.164681,7.070810,0.003850,0.123715,0.012581,57.977400,0.230323
mixed,low,DSRC,rain,6,18.752475,0.216413,18.752475,0.216413,81.247525,0.216413,7.072679,0.003338,0.124087,0.012653,57.975048,0.230342
mixed,low,DSRC,fog,6,18.676747,0.137207,18.676747,0.137207,81.323253,0.137207,7.071898,0.002532,0.123580,0.012539,57.977174,0.230325
mixed,low,C-V2X,clear,6,21.583070,0.192942,20.114780,0.152528,78.416930,0.192942,23.072448,0.004345,0.264753,0.024361,54.065397,0.155700
mixed,low,C-V2X,rain,6,21.507492,0.050689,20.036954,0.119437,78.492508,0.050689,23.074687,0.002457,0.263688,0.023587,54.062884,0.155720
mixed,low,C-V2X,fog,6,21.548530,0.152995,20.107457,0.196134,78.451470,0.152995,23.074289,0.004984,0.264690,0.024972,54.065156,0.155702
mixed,low,5G-V2X,clear,6,33.737254,0.182844,29.796462,0.441932,66.262746,0.182844,3.546836,0.003767,0.517953,0.036930,73.061075,0.134729
mixed,low,5G-V2X,rain,6,33.350207,0.137541,29.044881,0.433280,66.649793,0.137541,3.572670,0.003035,0.504892,0.036085,72.948642,0.135634
mixed,low,5G-V2X,fog,6,33.813674,0.265521,29.708934,0.461093,66.186326,0.265521,3.547925,0.002490,0.516397,0.036263,73.055486,0.134774
mixed,medium,DSRC,clear,6,16.960178,0.202236,16.960178,0.202236,83.039822,0.202236,7.120769,0.011231,0.647377,0.069766,55.575880,0.447251
mixed,medium,DSRC,rain,6,16.994619,0.178064,16.994619,0.178064,83.005381,0.178064,7.121587,0.009659,0.648855,0.071816,55.573666,0.447246
mixed,medium,DSRC,fog,6,16.956089,0.251230,16.956089,0.251230,83.043911,0.251230,7.120124,0.011084,0.647153,0.069145,55.575667,0.447250
mixed,medium,C-V2X,clear,6,21.571153,0.162128,20.186040,0.200733,78.428847,0.162128,23.132803,0.013291,1.480133,0.166608,52.146838,0.327150
mixed,medium,C-V2X,rain,6,21.565491,0.212350,20.179461,0.211206,78.434509,0.212350,23.132723,0.011668,1.479682,0.166833,52.144474,0.327143
mixed,medium,C-V2X,fog,6,21.556055,0.240763,20.170928,0.219445,78.443945,0.240763,23.133864,0.013124,1.478862,0.164739,52.146611,0.327149
mixed,medium,5G-V2X,clear,6,31.971370,0.156979,28.611988,0.349907,68.028630,0.156979,3.633564,0.017802,2.671567,0.210020,70.532428,0.387674
mixed,medium,5G-V2X,rain,6,31.696473,0.224607,28.060372,0.402932,68.303527,0.224607,3.659607,0.017074,2.620368,0.212277,70.431829,0.386765
mixed,medium,5G-V2X,fog,6,31.992950,0.287840,28.551651,0.354060,68.007050,0.287840,3.634802,0.017076,2.665907,0.209337,70.527421,0.387630
mixed,high,DSRC,clear,6,12.046440,0.238828,12.046440,0.238828,87.953560,0.238828,7.236920,0.011382,3.879822,0.375673,48.382633,0.913396
mixed,high,DSRC,rain,6,12.037795,0.234732,12.037795,0.234732,87.962205,0.234732,7.237982,0.011465,3.877123,0.376341,48.380845,0.913367
mixed,high,DSRC,fog,6,12.054621,0.246994,12.054621,0.246994,87.945379,0.246994,7.236999,0.011514,3.882165,0.372622,48.382461,0.913393
mixed,high,C-V2X,clear,6,22.111532,0.567674,20.980692,0.471765,77.888468,0.567674,23.288808,0.011943,12.497180,1.521472,46.487890,0.670034
mixed,high,C-V2X,rain,6,22.130392,0.569436,20.984575,0.466229,77.869608,0.569436,23.288822,0.011754,12.499200,1.517978,46.485987,0.670002
mixed,high,C-V2X,fog,6,22.123246,0.586216,20.986758,0.466625,77.876754,0.586216,23.288729,0.011744,12.500632,1.519741,46.487707,0.670031
mixed,high,5G-V2X,clear,6,27.265232,0.331023,25.312172,0.307028,72.734768,0.331023,3.832231,0.015361,18.534808,1.525295,63.184508,0.759287
mixed,high,5G-V2X,rain,6,27.053983,0.328526,24.920843,0.319081,72.946017,0.328526,3.855693,0.015460,18.249498,1.522537,63.112800,0.759286
mixed,high,5G-V2X,fog,6,27.239293,0.311684,25.287464,0.300793,72.760707,0.311684,3.833107,0.015333,18.517088,1.528793,63.180925,0.759285
vile_parle,low,DSRC,clear,6,19.802840,0.257875,19.802840,0.257875,80.197160,0.257875,7.041798,0.006778,0.155302,0.023027,59.148121,0.218975
vile_parle,low,DSRC,rain,6,19.800087,0.253588,19.800087,0.253588,80.199913,0.253588,7.040352,0.008705,0.155238,0.022691,59.145762,0.218998
vile_parle,low,DSRC,fog,6,19.809489,0.241047,19.809489,0.241047,80.190511,0.241047,7.040895,0.007519,0.155405,0.023460,59.147894,0.218978
vile_parle,low,C-V2X,clear,6,22.218115,0.298069,20.483673,0.210789,77.781885,0.298069,23.041410,0.008937,0.358715,0.051202,54.969333,0.158372
vile_parle,low,C-V2X,rain,6,22.250385,0.252416,20.498662,0.202536,77.749615,0.252416,23.043039,0.008094,0.359025,0.051814,54.966812,0.158391
vile_parle,low,C-V2X,fog,6,22.270970,0.180295,20.573812,0.201594,77.729030,0.180295,23.043312,0.008374,0.360193,0.050515,54.969091,0.158374
vile_parle,low,5G-V2X,clear,6,34.901174,0.384503,27.073583,0.197706,65.098826,0.384503,3.522129,0.009685,1.248187,0.143790,73.975507,0.165319
vile_parle,low,5G-V2X,rain,6,34.520943,0.295008,25.993009,0.200460,65.479057,0.295008,3.546812,0.010600,1.198652,0.141626,73.862965,0.164792
vile_parle,low,5G-V2X,fog,6,34.790414,0.191420,27.040387,0.165609,65.209586,0.191420,3.523265,0.010422,1.246903,0.146724,73.969913,0.165293
vile_parle,medium,DSRC,clear,6,18.700974,0.372230,18.700974,0.372230,81.299026,0.372230,7.074653,0.020282,0.642792,0.048764,58.104315,0.327190
vile_parle,medium,DSRC,rain,6,18.622405,0.350836,18.622405,0.350836,81.377595,0.350836,7.075532,0.020732,0.640117,0.048859,58.102062,0.327221
vile_parle,medium,DSRC,fog,6,18.642798,0.346206,18.642798,0.346206,81.357202,0.346206,7.074462,0.020967,0.640820,0.048887,58.104098,0.327193
vile_parle,medium,C-V2X,clear,6,21.971573,0.226451,20.291054,0.114970,78.028427,0.226451,23.083542,0.024707,1.517915,0.102571,54.071544,0.237426
vile_parle,medium,C-V2X,rain,6,21.967218,0.256464,20.286491,0.103158,78.032782,0.256464,23.084177,0.024300,1.517528,0.101587,54.069137,0.237446
vile_parle,medium,C-V2X,fog,6,21.888302,0.259443,20.243976,0.126933,78.111698,0.259443,23.083942,0.025115,1.514482,0.104192,54.071313,0.237428
vile_parle,medium,5G-V2X,clear,6,33.428926,0.556727,26.452755,0.085383,66.571074,0.556727,3.588632,0.040829,5.093205,0.325215,72.653032,0.305367
vile_parle,medium,5G-V2X,rain,6,33.154544,0.598068,25.406062,0.137391,66.845456,0.598068,3.611854,0.039473,4.891295,0.304439,72.549519,0.301904
vile_parle,medium,5G-V2X,fog,6,33.434926,0.607988,26.410264,0.107851,66.565074,0.607988,3.589722,0.040145,5.084943,0.323154,72.647883,0.305196
vile_parle,high,DSRC,clear,6,16.620952,0.759703,16.620952,0.759703,83.379048,0.759703,7.136911,0.029097,2.644808,0.122918,55.920705,0.787338
vile_parle,high,DSRC,rain,6,16.638972,0.757302,16.638972,0.757302,83.361028,0.757302,7.136552,0.029425,2.647568,0.119456,55.918672,0.787329
vile_parle,high,DSRC,fog,6,16.633821,0.766095,16.633821,0.766095,83.366179,0.766095,7.137343,0.028972,2.646707,0.119765,55.920509,0.787337
vile_parle,high,C-V2X,clear,6,21.811235,0.381122,20.331027,0.172032,78.188765,0.381122,23.170072,0.046176,6.851767,0.277707,52.232531,0.632471
vile_parle,high,C-V2X,rain,6,21.803204,0.417665,20.330614,0.188190,78.196796,0.417665,23.170634,0.046391,6.851587,0.277609,52.230360,0.632460
vile_parle,high,C-V2X,fog,6,21.833145,0.356391,20.335797,0.162934,78.166855,0.356391,23.170244,0.046114,6.853470,0.279981,52.232323,0.632470
vile_parle,high,5G-V2X,clear,6,30.885473,1.046185,25.198802,0.146221,69.114527,1.046185,3.704202,0.048570,21.588677,0.966331,69.881292,0.808006
vile_parle,high,5G-V2X,rain,6,30.676246,1.013297,24.268306,0.124906,69.323754,1.013297,3.726510,0.048631,20.791047,0.915284,69.794376,0.804260
vile_parle,high,5G-V2X,fog,6,30.927465,1.011053,25.161088,0.138523,69.072535,1.011053,3.706025,0.048222,21.556222,0.959100,69.876959,0.807824
